Year,DoY,ACN 3,ACN 10,ACN 20,AHN 3,AHN 10,AHN 20,ECN 3,ECN 10,ECN 20
2008,207,643.9922094,874.8150595,-9999,630.5037441,974.7768655,984.1821056,1096.957621,1441.114134,-9999
2008,208,866.1895433,1034.161851,-9999,741.7411517,1140.894792,1038.805928,1353.916604,1692.465257,2370.135072
2008,209,676.5091268,913.360925,-9999,654.1869057,1003.128521,979.199416,1027.97486,1380.318809,2244.512421
2008,210,627.7793141,867.2509938,-9999,645.3937385,976.5119511,938.4595212,890.9179363,1217.428271,-9999
2008,211,590.9115783,831.9591283,-9999,600.3222926,932.3159053,913.0578635,902.1441001,1227.253122,2036.409289
2008,212,555.5700956,814.9102241,-9999,594.3316064,909.1494673,898.4322592,750.4970858,1102.917607,-9999
2008,213,555.9019583,824.6959122,-9999,605.6268947,910.5656695,943.6284963,885.7088298,1208.904008,-9999
2008,214,548.1277328,829.4890397,-9999,583.2772427,896.7213194,970.6094429,830.2187099,1180.048447,-9999
2008,215,561.7921237,822.7420677,-9999,592.1747149,900.3134931,950.8428372,783.7951765,1101.09547,-9999
2008,216,765.3324854,894.0300093,-9999,726.2607757,980.564554,922.3255672,971.4344043,1229.542763,1936.064477
2008,217,866.0125218,880.4293886,-9999,736.097423,991.0099124,884.2239143,960.0300607,1195.27298,-9999
2008,218,1178.656282,1715.45551,-9999,1111.140261,1826.415592,2024.446742,1171.70228,1469.311682,-9999
2008,219,-9999,-9999,-9999,-9999,-9999,-9999,-9999,-9999,-9999
2008,220,-9999,-9999,-9999,-9999,-9999,-9999,-9999,-9999,-9999
2008,221,-9999,-9999,-9999,-9999,-9999,-9999,-9999,6555.667776,-9999
2008,222,-9999,-9999,-9999,-9999,-9999,-9999,-9999,7780.814991,-9999
2008,223,-9999,-9999,-9999,-9999,-9999,-9999,-9999,6665.651797,-9999
2008,224,-9999,-9999,-9999,-9999,-9999,-9999,-9999,-9999,-9999
2008,225,-9999,-9999,-9999,-9999,-9999,-9999,-9999,-9999,-9999
2008,226,-9999,-9999,-9999,-9999,-9999,-9999,-9999,5653.820135,-9999
2008,227,4295.630024,7644.840202,-9999,-9999,-9999,-9999,-9999,5516.99756,-9999
2008,228,-9999,-9999,-9999,-9999,-9999,-9999,-9999,7122.996854,-9999
2008,229,-9999,-9999,9741.346806,-9999,-9999,-9999,-9999,-9999,-9999
2008,230,-9999,-9999,-9999,-9999,-9999,-9999,-9999,-9999,-9999
2008,231,-9999,-9999,-9999,-9999,-9999,-9999,-9999,5331.390694,-9999
2008,232,-9999,-9999,-9999,-9999,-9999,-9999,-9999,5691.079402,-9999
2008,233,-9999,-9999,-9999,-9999,-9999,-9999,-9999,6274.550553,-9999
2008,234,4462.138452,-9999,-9999,-9999,-9999,-9999,-9999,7041.658553,-9999
2008,235,3376.173761,7225.377108,-9999,3511.731467,-9999,-9999,3941.661299,5233.597126,-9999
2008,236,2816.62291,6421.312552,10339.33124,2841.933808,-9999,-9999,3432.237677,4856.752341,-9999
2008,237,2629.144733,6125.02972,9573.432789,2697.313786,-9999,-9999,3122.884008,4746.891086,-9999
2008,238,2331.635538,5587.298052,8529.003342,2405.784781,7375.96486,-9999,2745.930178,4994.00015,-9999
2008,239,2078.865179,5008.553333,7536.424609,2210.976324,6512.603615,10754.42646,2293.240557,4097.613011,9713.929626
2008,240,1861.17801,4522.477303,6698.93022,2009.938323,5838.66269,9470.495809,2140.870719,3690.80922,8907.801862
2008,241,1713.747394,4074.988684,6024.356759,1908.72916,5282.753106,8246.283974,1977.398282,3459.271451,8307.436797
2008,242,1665.443535,3815.802457,5611.954708,1847.422128,4906.771629,7292.854011,1999.68502,3409.479764,8039.820821
2008,243,1659.358728,3786.981828,5433.869177,1789.740461,4791.029871,6885.273455,2004.09827,3500.18862,8200.072499
2008,244,1563.777236,3551.356934,5012.826102,1755.294406,4399.803553,6179.658546,1835.287397,3325.272874,7776.754845
2008,245,1944.028013,3727.873733,4757.349954,2247.784459,4581.619216,6846.060573,2000.841238,3690.048828,7381.045587
2008,246,2617.42395,4429.514805,4720.007345,3328.129153,5478.653302,7812.222301,2503.709038,3648.044726,6719.341076
2008,247,1975.316358,3783.138672,4294.29746,2082.537474,4438.969369,6706.005283,2374.186065,3150.874956,6466.722932
2008,248,1743.847142,3446.469849,4009.052168,1969.588935,4181.983873,6229.684673,1984.103101,2949.88707,6091.975344
2008,249,2130.167377,3627.646652,3905.911027,2225.94587,4298.925972,5982.48264,2289.723909,3380.236736,5900.979107
2008,250,1862.419294,3323.135157,3729.16859,1919.445277,3837.43416,5409.422983,2125.465953,2876.216845,5648.466238
2008,251,1738.253598,3205.320623,3671.729321,1817.265366,3677.715061,5223.062922,2042.044335,2904.301572,5643.19994
2008,252,1553.515094,2987.648538,3365.51233,1556.644987,3426.147427,4804.038339,1882.269125,3066.442318,5285.948174
2008,253,1502.991101,2859.482653,3319.971204,1452.500681,3290.531265,4626.781159,1821.916055,2620.713833,5094.387753
2008,254,1428.801654,2808.172239,3359.537497,1543.048333,3273.372996,4699.240587,1644.816428,2451.668678,5111.942417
2008,255,1289.427844,2604.859146,3135.802087,1473.845785,3127.834501,4492.652889,1477.966198,2342.91397,4813.301218
2008,256,2543.224972,4134.651596,3513.981376,3168.144441,5207.053132,5059.010471,2663.611666,4194.980859,5169.212755
2008,257,2875.727746,5182.778521,5080.177016,4045.370321,6942.459301,6899.268419,3013.635431,4694.561086,6391.912359
2008,258,2692.475264,5256.191307,5578.139629,3192.797908,6612.935066,6977.366436,2952.459635,3546.35648,6931.075833
2008,259,2384.015179,4939.606364,5379.505756,2608.670704,5892.660745,6500.413103,2731.98825,3424.260726,7003.817955
2008,260,2165.061148,4663.674766,5184.088052,2369.276997,5476.748145,6259.294469,2469.53409,3359.776098,6963.339681
2008,261,1983.215914,4404.926295,4946.253414,2118.56748,5037.612185,6066.549124,2376.797591,3386.057224,6959.93388
2008,262,1779.085067,4085.157783,4653.684959,1944.767163,4577.358449,5832.361039,2050.866149,3205.597988,6793.544135
2008,263,1634.636841,3786.511311,4322.010785,1801.070616,4166.851826,5531.612026,1841.028944,3237.270846,6442.015918
2008,264,1529.017397,3452.052956,3938.388112,1564.625794,3658.499087,4999.874781,1848.204053,3408.687034,6104.698983
2008,265,1600.162958,3419.27507,3855.58157,1684.561505,3600.200769,4798.352176,1890.877777,3487.388252,5882.75838
2008,266,1564.117698,3221.295844,3721.874537,1760.792735,3455.74629,4560.158203,1783.372452,2861.675974,5567.260678
2008,267,1374.372823,2881.821803,3395.703157,1530.44725,3162.40629,4209.880791,1471.274625,2382.326984,4979.003982
2008,268,1335.809721,2719.792574,3217.136765,1363.519434,2910.896279,3935.592978,1563.260728,2457.25275,4962.022385
2008,269,1265.984905,2598.09304,3135.45736,1324.12076,2806.399282,3830.598855,1486.944943,2396.724358,4935.665737
2008,270,1200.404398,2519.451502,3104.257064,1337.513799,2766.12218,3828.7667,1391.876743,2319.987927,4897.517443
2008,271,1156.158215,2398.898142,2960.823419,1197.981337,2616.474671,3656.005047,1456.539596,2328.527423,4770.493716
2008,272,1097.119689,2294.134481,2904.121004,1229.892935,2576.837269,3598.176482,1271.931578,2172.633255,4610.018881
2008,273,1072.051844,2135.915708,2685.520041,1077.591322,2371.052134,3319.713409,1360.976411,2121.471122,4340.841983
2008,274,1017.273339,1993.857887,2575.898895,1084.824506,2257.845389,3123.085691,1235.253301,2003.445836,4131.03204
2008,275,998.838871,1927.722486,2532.729228,1060.070944,2169.778547,3007.961484,1324.870129,2012.082868,4060.108705
2008,276,942.9522736,1861.624485,2493.787158,1035.006899,2116.311303,2919.744753,1158.574735,1882.403427,3901.046631
2008,277,914.427529,1761.430477,2403.278387,980.2593451,2006.127499,2756.175856,1153.239316,1797.815377,3686.394467
2008,278,899.5487519,1708.611708,2319.864292,940.6388964,1940.397104,2622.090485,1164.830469,1835.944298,3557.570176
2008,279,930.6825446,1709.258356,2268.467375,1035.163393,1978.665107,2564.76415,1090.462226,1886.878078,3391.134405
2008,280,1156.889416,1829.100522,2227.465569,1322.374066,2201.015026,2563.89751,1207.048786,1913.504623,3176.475692
2008,281,1028.79917,1631.257362,2088.103481,1073.089041,1922.566193,2306.54432,1095.170572,1619.268117,2941.551964
2008,282,947.5986352,1581.856258,2083.233848,1018.032501,1868.809961,2312.92232,1064.843711,1568.380468,2956.754802
2008,283,889.1569727,1458.300996,1919.633391,858.1798352,1698.496294,2136.024068,1071.520831,1550.131887,2837.683483
2008,284,836.3221249,1334.26009,1784.434468,840.3756956,1614.916494,1972.216034,957.0172012,1431.9116,2630.39283
2008,285,860.2665988,1258.045831,1617.351093,790.811193,1521.84362,1740.070109,1033.133019,1474.094096,2402.665413
2008,286,1293.013111,1728.512733,1718.871296,1440.649163,2132.774926,1863.820083,1222.833547,1811.977099,2440.034899
2008,287,1200.438013,1802.36378,1867.385186,1345.464187,2212.47922,1975.615356,1130.446551,1775.465312,2479.911035
2008,288,1099.64859,1766.108058,1880.32328,1176.443003,2106.20253,1942.835698,1094.348366,1597.624965,2445.933058
2008,289,1058.132045,1749.992804,1908.729507,1075.61371,2027.375368,1951.5475,1078.386719,1538.128842,2488.374822
2008,290,1010.991184,1720.785963,1901.708382,1076.496666,1961.21868,1907.938395,1015.211351,1469.773364,2465.600448
2008,291,1010.656391,1754.41539,1974.31489,1084.904946,2002.044356,2014.928907,959.6242178,1460.55889,2489.109946
2008,292,981.5172623,1713.270726,1963.778105,1008.867862,1898.956254,1999.202965,957.3860887,1453.18239,2515.258471
2008,293,935.910954,1664.564528,1935.394124,965.5846607,1832.257901,1974.808032,884.281758,1396.061414,2474.8469
2008,294,937.5493956,1619.11876,1842.46693,849.1991549,1740.113512,1868.21251,966.0810122,1568.492862,2438.976646
2008,295,1079.756583,1612.519096,1771.398086,946.5767442,1753.544776,1771.722274,1095.7885,1626.968013,2324.198047
2008,296,1049.007097,1548.88696,1651.93491,959.8541727,1713.310839,1633.798395,926.2293225,1433.428046,2060.078871
2008,297,945.8078741,1436.46615,1544.796908,892.0157909,1603.922223,1478.136313,904.7289162,1292.097094,1871.000171
2008,298,908.0209814,1410.499141,1557.587217,858.5757443,1569.524274,1484.823405,932.6688652,1242.140213,1904.920431
2008,299,880.9907538,1463.130755,1616.968727,890.0262993,1611.795285,1530.759526,859.0733289,1191.601362,1958.908689
2008,300,896.3720831,1459.34308,1647.110192,834.4914776,1596.586933,1599.340807,885.4083892,1233.714386,1996.877669
2008,301,859.7458488,1295.378702,1454.83603,738.376985,1373.555604,1351.656255,1201.420351,1383.483937,1925.810235
2008,302,830.4697707,1301.460188,1493.490244,755.1888718,1384.543582,1366.377311,869.0503051,1204.184358,1961.994155
2008,303,810.7772786,1307.558988,1518.146873,730.6437926,1355.474128,1384.735271,883.2377426,1221.958666,1997.706373
2008,304,798.2844791,1335.147423,1553.019525,743.6234267,1390.900252,1444.871659,819.2621905,1179.830604,2033.523575
2008,305,784.3998184,1280.532993,1506.162894,703.0501023,1312.435263,1382.839432,836.3582399,1172.276439,1979.925305
2008,306,754.0196041,1264.742576,1496.398263,681.7709805,1283.063535,1366.662888,809.7661013,1154.547969,1993.539508
2008,307,740.8679402,1227.477632,1459.834999,662.7569753,1241.742588,1318.630347,877.6408731,1186.255667,1972.135711
2008,308,709.6960798,1217.07648,1461.063923,664.3401452,1244.383999,1334.032751,767.7464466,1108.173754,1969.295641
2008,309,713.2450612,1156.226632,1373.302429,637.9549257,1191.832075,1255.003844,732.7888157,1043.094523,1847.35719
2008,310,730.4551643,1158.861839,1321.235676,690.077647,1278.176188,1247.309453,629.4706183,906.8036304,1652.333963
2008,311,752.815559,1224.996916,1269.680205,691.3103062,1368.779587,1178.109153,558.8319924,742.5106667,1352.652271
2008,312,698.4423728,1113.298774,1215.557132,641.843961,1278.185398,1102.310511,598.9569386,757.3036184,1251.291529
2008,313,678.9130811,1028.545444,1207.695278,604.5815258,1155.17237,1091.976627,671.3925826,848.6566225,1343.276442
2008,314,678.8109106,977.1196114,1157.706169,588.5473929,1076.727065,1014.434502,724.2302529,888.6990186,1387.587743
2008,315,663.0136406,963.8529112,1140.96326,593.158959,1068.536124,994.5753164,696.8386336,886.8467773,1424.963824
2008,316,673.0054098,966.4817136,1124.542453,616.0823618,1106.055619,992.4335976,643.4340857,840.1132576,1399.004747
2008,317,642.9812221,925.2756765,1080.374214,597.9390258,1067.075548,940.6683538,606.7417567,791.6145401,1333.76068
2008,318,634.4641868,991.9678238,1154.618624,617.3510593,1150.128598,1013.534567,570.8351837,765.2363654,1352.307448
2008,319,719.1456174,953.1112937,1077.182443,633.5913265,1153.713386,961.8939884,801.5628816,909.5440235,1332.458109
2008,320,721.2106119,890.0262482,978.4228917,686.6034345,1193.16203,840.9503898,865.6596648,918.8720864,1257.197557
2008,321,758.0202933,986.646282,1058.932842,822.2909047,1452.2385,1000.610497,683.217046,826.2650685,1276.512276
2008,322,788.6039977,1053.848977,1130.523453,823.4627126,1505.894635,1095.719087,682.5928104,840.7582916,1327.303785
2008,323,755.4818852,1055.066648,1150.880818,791.3936569,1475.000029,1117.695517,674.511671,843.2793798,1361.310947
2008,324,753.4545684,1071.913322,1181.169589,766.8203954,1474.920431,1154.710163,624.5216921,827.6219443,1400.817302
2008,325,786.2029933,983.1415371,1058.124963,674.7991388,1299.120092,1021.246217,583.4108166,771.0668608,1291.374378
2008,326,728.6149008,940.583687,994.2797159,638.4376113,1220.188003,893.4788452,552.0877602,714.1680765,1175.72306
2008,327,695.934913,893.3050931,964.4433016,629.0649516,1183.632493,855.7650994,538.1742546,689.3056812,1121.167693
2008,328,701.004679,884.5963007,954.4252973,618.0064285,1169.154979,848.8240996,526.1022957,684.9993354,1119.781599
2008,329,671.202625,846.581491,905.8894083,598.9224989,1109.64794,771.3764029,520.4232674,659.6606915,1057.80624
2008,330,667.608373,844.4241719,913.6750811,594.4162627,1113.043268,777.7362673,519.0911516,661.3357658,1065.908387
2008,331,657.4933813,831.0237724,907.6501182,588.8049764,1089.858148,763.4032034,517.0976072,658.6031241,1058.717944
2008,332,691.7624329,833.5082944,896.7249878,576.2850524,1086.552885,760.2347764,519.5671413,667.7825004,1062.424972
2008,333,669.2163335,807.7681717,857.5720947,568.86691,1042.189003,697.6623506,509.0424752,643.6936663,1007.332889
2008,334,689.4295763,822.5990217,860.31317,566.0018943,1045.819655,672.3666048,496.1507341,632.5589777,989.3708621
2008,335,706.9096532,828.8090688,860.8939421,575.7589801,1072.978662,674.8651392,489.2420802,634.2644128,968.436567
2008,336,702.4548622,845.9650618,873.8843098,581.4196376,1059.180719,656.2826027,497.6880684,620.0732916,961.0786925
2008,337,696.8662392,911.2356718,944.267019,592.7553374,1117.559198,723.9808948,493.9161006,625.8018587,1015.530462
2008,338,753.1675365,864.0071981,882.9290117,559.9105053,1038.297378,671.5502674,505.7511324,633.0783215,979.2682952
2008,339,770.7143698,845.726938,860.2657743,583.8291938,1016.496931,622.8379186,545.0151736,657.3413669,963.0377453
2008,340,758.5974562,852.6971353,859.1880193,576.5370579,992.6310004,589.4046427,503.2315238,606.7585498,927.2589653
2008,341,727.5743394,844.1715305,873.8804059,630.0991882,1027.708606,604.560225,508.793566,613.3991781,919.8827127
2008,342,733.638329,906.1055227,935.6136762,738.5045178,1109.439657,679.8562295,551.5428022,675.8845624,1005.398672
2008,343,749.927483,913.0788366,923.9952823,680.5541383,1094.868142,689.4334635,530.1798562,679.0349441,1027.967928
2008,344,777.2011058,893.9979781,874.937485,628.8848522,1037.416838,598.2172004,531.0548923,661.6474193,968.16204
2008,345,751.0184466,866.0838676,853.9521086,631.4234675,1004.32906,556.0918073,518.367476,636.4711569,938.0117759
2008,346,-9999,-9999,865.4600593,-9999,-9999,585.8174768,-9999,-9999,935.7901538
2008,347,-9999,-9999,848.1685997,-9999,-9999,572.5621912,-9999,-9999,923.8756013
2008,348,-9999,-9999,834.1798379,-9999,-9999,573.6493606,-9999,-9999,914.9341766
2008,349,695.4687182,838.6430154,800.617602,549.8337245,933.1161284,496.79391,511.2654202,624.8387381,888.9464601
2008,350,693.4079261,748.1049533,698.0249332,540.6297526,831.7341769,349.6264838,541.6210863,607.5400881,854.5505176
2008,351,698.9766294,751.5485427,722.9253363,558.5664204,870.195969,370.1819702,525.0327238,602.598456,851.4991123
2008,352,672.4525364,742.2992461,729.5067914,549.4348984,882.3615437,398.7459134,509.6189271,583.4047182,837.1709587
2008,353,687.163086,739.9084646,731.5591679,547.590456,885.194126,408.953569,517.2495654,590.7429424,831.4959431
2008,354,683.0323758,762.1042547,760.865139,550.6160135,898.7525624,426.439995,504.270771,582.419422,844.3355139
2008,355,653.6930305,756.1251283,732.4240959,523.5007051,892.2068959,418.3273052,468.4864381,529.7997674,781.7239269
2008,356,653.5180808,721.9054948,694.5930834,513.3615123,854.6591361,365.3288467,490.7783554,534.1745172,743.4030234
2008,357,677.5760719,720.0725272,703.7329038,522.4108975,846.4475293,360.4047755,509.3260355,572.1562371,772.8760832
2008,358,660.091633,722.9662593,721.6792083,517.1927384,852.2112844,359.3914664,478.6415714,547.4495795,779.444014
2008,359,650.6153328,714.4852483,710.709999,511.5852002,847.5693678,318.50708,477.3234247,529.1527002,745.6685687
2008,360,647.2259254,709.8474566,714.1679102,522.1756365,842.0948591,311.8582539,490.6554563,549.6141333,751.4834713
2008,361,670.6814428,749.1738851,754.721292,529.8182847,877.9787877,352.5206067,478.0308016,551.4696792,791.7002144
2008,362,658.5747184,740.7664562,717.3819736,509.8336421,860.440666,332.3146301,460.0005972,498.749741,713.8866384
2008,363,682.6632206,779.2975327,754.0040135,528.8136242,887.014049,338.1736884,471.362927,506.3121671,705.0190191
2008,364,664.082268,779.5404393,786.0103341,540.4903539,903.5228908,394.7071479,488.366211,551.2005004,765.4847931
2008,365,669.6973169,833.0690101,818.7620364,559.1506569,972.1719515,455.862395,482.1874016,553.365896,785.3687149
2009,1,566.4885252,816.3835107,848.568357,554.2447285,909.2435942,451.6524596,512.6567831,496.1216595,755.1165105
2009,2,560.3762096,781.1808148,843.9816919,550.4557456,905.9121739,489.6108533,522.2870681,522.6898539,755.1613651
2009,3,620.6790845,784.0542845,827.4048611,522.3124807,856.1294721,457.9384074,537.1770037,554.8903514,761.4526503
2009,4,562.5008406,705.9144211,770.0088194,509.0665918,783.280784,346.4387504,533.6281697,524.3708413,736.5381606
2009,5,563.7899176,675.2404408,726.8075682,495.7780501,747.8181814,295.9953672,526.7185046,491.8486726,682.5407396
2009,6,578.5072637,730.9740049,757.5383738,500.2743688,784.0014244,318.0389789,504.942083,468.9700889,671.0098219
2009,7,553.6240376,769.9960871,784.3407225,511.0490393,831.9295401,361.5828173,495.1231291,449.3811471,667.4515841
2009,8,543.4756532,745.5384409,801.79274,518.3005326,864.1472449,428.954623,504.5520828,481.0620642,688.4123748
2009,9,598.6248915,760.694803,800.1415882,515.5969918,857.3452984,438.5832397,521.353876,514.3035244,701.0200381
2009,10,584.3132448,725.0660531,774.4861879,498.5786296,794.5666815,368.5362554,520.9659937,508.3682524,697.0723813
2009,11,576.8969666,704.640319,761.2291162,501.3854459,790.3951161,355.0142467,513.475025,491.5630267,683.7402973
2009,12,604.4340136,724.6507351,768.8982882,508.5300756,814.7137556,364.2700782,515.1487136,491.1511865,679.7596802
2009,13,599.0073638,713.7150115,752.6504479,506.3653278,799.1576671,336.3793628,510.7603015,481.2804502,662.5148248
2009,14,592.8293939,698.5969092,756.0727124,506.7176806,800.9516195,352.6498232,515.0900844,502.6784419,664.960459
2009,15,587.4404715,702.7790355,754.1425294,518.9582024,801.497791,358.6975761,518.3398488,497.9139225,674.1769055
2009,16,577.7498505,734.4884216,768.3245527,529.9284752,820.7296169,374.4092097,507.5803636,481.8904934,676.9778267
2009,17,609.5352361,782.27787,790.979977,534.4817394,855.1529424,407.0166934,506.3174245,484.6803335,679.4556361
2009,18,599.2220431,796.3009256,809.7147368,540.7799184,878.8465619,421.4616259,504.3668108,482.9178613,675.8455999
2009,19,595.9079335,818.6406766,844.2454433,550.3073224,916.8063903,453.6049706,499.9945312,481.7929139,672.2645886
2009,20,594.8716314,803.358972,849.6741777,535.8610701,887.4946552,458.3334601,502.5749814,486.3334708,677.6840809
2009,21,578.9852455,800.6148268,867.6059161,535.2342175,879.3151057,464.623378,503.3426511,489.1669915,692.7276774
2009,22,579.3945804,814.9908091,895.4755221,544.2321383,892.1160153,482.6724604,510.1137962,503.2763755,724.6215325
2009,23,647.2063057,792.9642566,862.0372634,520.2216614,852.9317459,460.7658642,525.1978334,532.8498564,766.435238
2009,24,643.693803,746.1162608,787.6771959,508.1145896,778.2934695,348.7453744,546.2671253,530.5714116,727.0542845
2009,25,663.8868229,737.4559838,777.9864345,521.1197884,776.6764531,320.1585872,558.8498959,543.931299,732.0094256
2009,26,692.9903849,745.0297894,780.1135773,552.0451443,786.8363318,314.2290458,572.7032428,565.9210475,748.3613202
2009,27,674.8655578,752.9005596,787.0274036,546.7911483,777.2891178,301.3613569,553.3061727,545.0807069,746.8716259
2009,28,638.0937037,770.0996864,813.8928198,504.4423295,769.2609461,275.6420915,518.4597841,502.590993,719.1426887
2009,29,623.6852035,740.1727472,801.0357843,488.6487986,752.0454476,256.2445909,526.1177869,506.3110016,718.3388287
2009,30,641.3584994,735.8843136,800.7442722,506.2987444,762.6219561,256.3098595,525.8964964,497.326234,712.9213847
2009,31,687.9299174,777.4621954,823.9336842,588.7234574,888.5031444,320.2150034,506.589455,472.6281647,700.8083403
2009,32,656.303447,815.4994528,851.0133995,575.4504037,910.2971529,350.0436769,527.834969,498.2092406,701.5972691
2009,33,626.1668715,795.9419084,826.0927191,560.6793793,892.551503,338.6144045,524.3285774,491.8138962,703.5684706
2009,34,625.431491,801.6566218,833.6046387,581.5631123,933.0993382,366.728111,532.2794202,496.21643,705.5759441
2009,35,599.5395481,785.6500903,831.1196607,565.0973446,917.9293915,374.6178895,563.9517365,535.6451541,733.3498903
2009,36,608.8017392,773.6855729,835.6061845,583.0149594,947.6828073,402.1535336,557.8582128,544.5783657,755.2414417
2009,37,615.5551996,772.3173919,838.3171768,577.7019883,946.3349132,418.7631474,560.7819586,547.7636566,765.520902
2009,38,625.1891337,773.7078126,837.5767644,558.3561513,932.5994915,411.6741922,566.139449,557.2583155,774.1062681
2009,39,643.2743612,752.215398,807.4281272,543.7308515,895.0770556,381.5696711,578.1669683,573.5911395,786.4467913
2009,40,621.5454583,765.0675494,818.5751316,548.6661972,891.4553423,387.4249204,556.415599,556.797229,798.8902253
2009,41,622.4993228,739.0495397,807.2544964,528.1191115,871.4932396,370.1341488,559.7435271,563.3905264,797.0159139
2009,42,626.0000513,728.1268517,781.045386,511.6056248,831.6201303,328.9954027,563.0509742,563.956014,791.7355202
2009,43,599.613393,706.8447824,764.4730275,510.7055951,823.9083195,308.7844294,560.4848802,561.7960365,784.8380425
2009,44,609.216276,704.0004746,765.6298039,531.4482598,848.9538602,328.436998,573.575348,585.062468,799.0438325
2009,45,630.8109975,714.4556817,771.9133639,529.2439689,817.021223,309.4149706,584.7778629,624.9144766,809.2928746
2009,46,648.1462021,719.0107868,771.79959,518.4334768,814.2794177,294.1613523,580.1419261,606.2157313,815.4717562
2009,47,655.0951396,729.6059573,763.0850233,540.1966269,828.3258668,288.169327,584.1782315,600.496395,815.4627366
2009,48,724.0790577,826.8758374,811.4621438,562.3305208,869.4220206,305.3316838,631.3316972,671.6935055,853.7126196
2009,49,712.8748375,848.5322457,836.0259778,570.7367102,894.935542,311.8562282,593.6758585,663.1509116,869.144529
2009,50,699.1591607,839.5906156,836.8851711,564.6426145,891.4330358,314.1785978,585.6503086,651.6481258,865.8266492
2009,51,671.8373912,842.4031857,838.6328324,548.1105618,883.9998996,308.8435361,578.3585614,636.4227742,859.6046006
2009,52,676.4215369,844.0816217,838.0245593,569.3966819,883.8079462,301.0488831,591.4958066,645.4418627,857.0003324
2009,53,681.4537159,869.3879832,852.7009352,591.662586,903.1982567,318.7626932,602.1876777,668.1651018,871.2196254
2009,54,692.4710304,874.1837335,872.8435596,640.9020234,965.5072557,368.8897772,602.6122089,675.7724489,887.618859
2009,55,757.2666686,913.7394972,939.2902749,679.4764222,1041.099486,440.1546605,641.215918,705.3411031,916.5923952
2009,56,759.0741784,938.9425708,976.5840547,653.8417284,1041.695276,464.8440322,653.8570704,734.6808927,963.4553032
2009,57,737.828406,959.4654811,998.12162,645.8562723,1044.62647,463.8196153,630.575938,723.8449951,992.9105288
2009,58,717.8585035,909.0124762,938.6998224,592.8097564,984.4168881,418.1736487,604.6644412,679.5000725,938.661393
2009,59,683.9019605,863.9827214,910.7428966,581.1445581,970.7296932,381.4417836,594.0341453,656.6945373,891.1891732
2009,60,668.0811419,823.8764486,890.0511556,594.6987242,952.5532421,384.4787059,607.6605661,658.6696524,888.4775592
2009,61,679.8238861,897.5805995,992.6513065,651.5961366,1054.269212,475.7654133,669.5053365,740.8921924,992.8589326
2009,62,694.6588424,987.2989183,1093.275118,678.1225243,1127.612056,546.5121071,684.7585679,796.0453371,1115.823591
2009,63,707.2795747,988.3718636,1104.894421,674.1257488,1127.752855,564.1110115,685.6240974,812.7723,1142.616084
2009,64,676.7998181,968.9827638,1083.97329,646.9652399,1105.070309,555.4659635,639.7708192,772.1694876,1128.46142
2009,65,644.2678686,901.2603711,1014.010963,608.5214397,1040.555726,491.2747084,626.4983763,727.886688,1043.660408
2009,66,-9999,879.7524147,1002.114723,594.701568,1020.744022,488.8522541,627.9567129,754.0172316,1051.136867
2009,67,-9999,871.0920413,989.0983108,588.3970039,969.9194875,431.3479912,620.3394684,742.0398689,1024.593942
2009,68,-9999,825.2550113,942.5814541,561.7901446,938.5276503,425.8260322,600.7921267,690.0181704,1003.457937
2009,69,-9999,773.3940953,855.236342,528.3582142,858.780536,330.5013598,582.9097919,629.410514,903.5228646
2009,70,-9999,731.5273594,824.0231715,522.8714991,837.4362566,285.1295815,583.3497037,622.1403656,860.1010608
2009,71,569.468553,727.3092062,830.5042286,552.5821039,856.817437,310.1529472,586.5843893,634.8722621,873.3468785
2009,72,570.5400812,742.7855676,853.5785646,573.4503263,884.655672,340.8920815,589.6459243,647.1830406,898.195689
2009,73,578.5583601,770.5140689,893.7008521,586.9259054,909.4028494,379.9146687,603.8816915,674.8681508,946.9145453
2009,74,565.9673395,788.1096006,921.7892688,579.3434529,922.58594,407.995189,601.1689185,676.9147526,988.2608159
2009,75,572.0441603,834.8780811,986.1792948,608.3199542,973.0579935,449.2364032,627.1072393,724.0348821,1057.589834
2009,76,580.342132,890.8857128,1055.49162,624.3331767,1017.985915,508.1892723,639.6304622,771.7867771,1148.892082
2009,77,597.0167487,907.6944981,1074.419097,625.0152963,1025.08804,527.4536453,649.1871163,792.289243,1176.777437
2009,78,610.2890912,927.5525655,1103.417648,631.2738992,1034.856757,541.1038835,660.1081165,813.5255383,1210.601146
2009,79,594.6770247,934.8690696,1115.65523,618.6950406,1037.303068,554.4237072,646.4199462,834.8432106,1231.464065
2009,80,597.6715598,942.0661392,1138.028689,630.7526893,1040.283098,561.3337977,669.994652,862.9021254,1258.127645
2009,81,598.6771506,1022.358742,1241.525877,657.3686732,1108.802867,642.1972391,685.0486405,897.4360783,1383.021128
2009,82,661.8587762,1104.754234,1247.050304,685.8107084,1169.60594,661.5802632,618.2852197,865.8232905,1339.254515
2009,83,673.1285849,1030.612143,1111.175781,669.0597474,1080.741062,524.8832665,572.1338175,726.5375,1097.540336
2009,84,634.7068503,903.9208435,1020.763576,608.772764,971.9919845,465.9384619,586.0719556,685.8096764,1034.539967
2009,85,655.5224931,847.9259431,951.4810711,569.7346682,906.2354649,401.9943192,582.3509191,658.3789012,983.8286244
2009,86,618.7528993,809.1912937,885.6072871,569.023799,930.7747501,342.4445179,596.0874492,641.1493579,924.4082622
2009,87,661.8689184,887.0158398,932.7160332,637.5232402,1107.065778,415.9640387,610.1701824,648.2768521,954.1713921
2009,88,681.9909206,949.2550641,1015.157003,679.7626004,1205.551534,506.3427398,642.67197,685.2891778,1023.507358
2009,89,656.7836994,950.9649324,992.5764152,599.2443015,1118.415192,454.4306084,576.0675616,647.9708002,993.6239415
2009,90,611.1800912,871.538692,919.1986153,586.7013598,1024.382064,356.2575724,600.1743766,620.5414613,894.0598708
2009,91,662.631843,822.7084377,899.9245345,579.6799506,1001.81226,374.8273511,-9999,865.9105333,961.5680007
2009,92,645.8111148,788.7059443,888.2956443,585.9591031,1272.084288,-9999,742.4823714,751.4458232,980.6593151
2009,93,697.3442129,818.865404,959.2270223,595.4508454,1614.602078,-9999,721.1627096,759.4294124,1052.259864
2009,94,742.2262591,844.3614848,956.03634,616.2153754,1616.107334,-9999,-9999,944.5494658,1100.981323
2009,95,758.2429381,812.65651,907.5115808,629.0870796,1546.838329,-9999,-9999,885.2150599,1036.698866
2009,96,714.0062243,773.1615065,869.4631849,611.1767298,1531.739621,-9999,738.5717923,745.4445366,1000.341732
2009,97,1018.196815,902.1164569,944.9158204,675.9579832,2322.576862,-9999,706.6918211,701.6830182,1047.963959
2009,98,1226.118201,1100.834958,1118.486905,783.4524718,3300.05384,-9999,901.5270111,847.0987546,1186.339545
2009,99,1120.674638,1189.072193,1231.815396,779.261851,3617.689886,-9999,895.0553728,943.9135179,1307.524727
2009,100,1266.648622,1197.733756,1242.843834,840.7678775,3694.73847,-9999,1075.96695,1089.705031,1365.098737
2009,101,1189.915098,1200.111545,1280.15371,786.2836317,3332.582123,-9999,1014.172341,1019.89134,1400.501326
2009,102,1189.845873,1268.997378,1309.351005,828.6317161,3809.850785,-9999,1020.35382,1082.331669,1402.652032
2009,103,1329.418568,1329.453153,1402.781635,958.3516079,3610.2872,-9999,1106.893835,1179.255396,1472.805391
2009,104,1398.75314,1436.209233,1543.605412,965.3418529,3833.973266,-9999,1185.309121,1203.602497,1612.237975
2009,105,1315.948203,1511.050635,1630.735325,963.5407019,3908.542767,-9999,1169.39921,1271.776909,1701.818589
2009,106,1111.669699,1456.111736,1562.295825,854.4586713,3399.288359,-9999,907.3522931,1185.059309,1594.808149
2009,107,1103.800698,1302.499823,1403.090268,852.5760217,3115.181761,-9999,882.8151261,1074.911368,1425.001394
2009,108,1130.769291,1281.807503,1360.308265,874.2135029,2769.148909,-9999,893.6396106,1065.30161,1369.667819
2009,109,1312.313675,1258.696736,1355.186116,935.3164537,2929.805033,-9999,877.9066617,1070.34973,1355.137078
2009,110,2060.050691,1429.061086,1491.985281,1212.808353,3469.695185,-9999,1096.055107,1186.011864,1465.833653
2009,111,3116.851292,1837.127103,1977.419107,1702.726529,4555.691657,-9999,1451.021666,1537.644871,1845.445577
2009,112,3328.112623,2234.293767,2528.820495,2045.214813,5096.924345,-9999,1637.010305,1817.666961,2283.58821
2009,113,2890.210508,2432.323109,2856.620062,2051.769548,5167.486757,-9999,1624.82439,1889.999459,2593.407882
2009,114,2101.844835,2385.742432,2849.478046,1684.73179,4749.80607,-9999,1462.184545,1867.62343,2706.937275
2009,115,1633.35938,2128.71428,2410.511798,1344.092616,4417.91591,-9999,1322.356311,1799.493482,2473.459953
2009,116,1689.750725,2125.895518,2314.457925,1460.243555,4247.927134,-9999,1359.311911,1929.03878,2328.9614
2009,117,1714.173767,2105.104307,2288.527432,1417.058548,4066.967506,-9999,1359.563748,1893.558743,2318.902102
2009,118,1913.409676,2107.245012,2325.035153,1504.197119,3858.002717,-9999,1576.570265,1889.237866,2404.252392
2009,119,2271.345731,2479.638445,2783.229647,1788.639774,4482.030845,-9999,1695.601926,2059.90709,2786.769645
2009,120,1932.700434,2467.211808,2814.388585,1569.097236,4275.487407,-9999,1574.448739,2099.165384,2862.744517
2009,121,1676.960473,2384.466972,2580.935311,1358.938937,4732.335291,-9999,1461.500386,2157.547036,2740.766128
2009,122,1697.9436,2281.75342,2424.611196,1381.261151,4764.32233,6686.968299,1556.512207,2168.059405,2606.426724
2009,123,2650.490412,2743.324621,2698.84676,2227.228077,6398.831542,7224.410329,1842.947501,2797.578524,2795.305791
2009,124,2806.635076,2932.480792,3168.011414,2406.648493,5475.869328,7775.880167,1845.505343,2859.537388,3141.28321
2009,125,2824.177427,3080.292484,3487.58803,2494.691027,5184.523625,7771.806106,1883.907972,2440.915902,3383.108884
2009,126,2625.257562,3215.503089,3775.609853,2372.048895,5128.537857,7486.81461,1803.291491,2273.744194,3568.217114
2009,127,2244.722337,3305.458579,3965.91341,2229.002878,5233.598624,7539.806304,1683.435488,2306.600351,3754.781404
2009,128,1726.582172,3174.361079,3842.346246,1871.389409,4845.881788,7340.756707,1384.906168,2133.064252,3710.690495
2009,129,1674.803588,2839.496839,3435.791467,1623.429627,4607.906417,6921.071813,1495.623081,2235.556234,3634.357215
2009,130,2370.881079,3211.454378,3250.916402,2142.643393,5636.065404,6459.484803,1792.212899,2944.87873,3607.7271
2009,131,3596.964108,3987.241527,4098.027209,3000.208799,6026.134013,6938.944336,2701.210587,3660.440062,4096.500174
2009,132,3680.782868,4542.529012,5118.451911,3322.241442,6434.266678,7963.153113,2667.85098,3241.493384,4947.757734
2009,133,2389.751825,4283.209095,5058.800266,2584.533396,5510.442996,7568.676344,1726.40998,2589.041204,4719.278567
2009,134,2119.924722,3714.168562,4454.961622,2129.553975,5192.352776,6955.31087,1792.429585,2513.084747,4387.71794
2009,135,1954.689345,3606.027486,4412.431412,2025.811602,5194.991972,7162.304435,1721.875519,2690.437837,4695.016367
2009,136,1908.40843,3445.51702,4164.06872,1821.629807,4989.620183,6942.216789,1873.263085,2708.39253,4787.921643
2009,137,1962.451412,3513.944826,4354.535692,1920.471214,4953.957721,6966.235318,1754.428925,2753.569062,4987.382764
2009,138,2010.265615,3631.280239,4605.387018,1969.209962,4952.942647,-9999,1849.625719,2965.051689,5404.667091
2009,139,1787.891467,3480.912265,4441.866747,1814.128291,4588.446207,-9999,1660.364521,3022.115344,5537.526606
2009,140,1649.580596,3263.415094,4183.349439,1728.346862,4272.873836,-9999,1575.432441,2796.150373,5250.068268
2009,141,1475.20872,2983.332133,3825.400755,1568.562015,3838.000529,-9999,1536.412112,2847.942324,5005.950187
2009,142,1570.027512,2948.01592,3721.83146,1552.95789,3813.122936,-9999,1677.65774,2658.573763,4860.631168
2009,143,-9999,3989.172096,4270.229572,-9999,-9999,-9999,-9999,3553.641926,5154.815598
2009,144,-9999,5401.540351,5545.648798,-9999,-9999,-9999,-9999,4836.482427,5944.914373
2009,145,-9999,5882.305409,6309.410398,-9999,-9999,-9999,-9999,5132.759582,6657.362926
2009,146,-9999,5854.558529,6622.130531,-9999,7441.379095,-9999,-9999,5063.651748,6852.259231
2009,147,-9999,5753.289304,6713.471101,-9999,7648.751235,-9999,-9999,4343.591513,6985.195304
2009,148,-9999,5385.10611,6497.295026,-9999,7293.385149,-9999,-9999,4083.677956,7078.451794
2009,149,-9999,5009.660224,6258.329963,-9999,6886.687863,-9999,-9999,3974.277214,7095.854186
2009,150,-9999,4600.163445,5936.076286,-9999,6226.831254,-9999,-9999,3883.060546,7155.195793
2009,151,-9999,4131.424536,5356.652406,-9999,5313.303384,-9999,-9999,3674.574476,6602.988743
2009,152,-9999,3818.82439,4933.174795,-9999,4710.355064,-9999,-9999,3766.998496,6165.973458
2009,153,-9999,5266.011427,5411.181477,-9999,5204.225116,-9999,-9999,4603.560421,6132.919742
2009,154,-9999,6166.441745,6337.911013,-9999,5998.146195,-9999,-9999,5496.342153,6687.264064
2009,155,-9999,7373.513076,8141.020032,-9999,-9999,-9999,-9999,-9999,8304.875181
2009,156,-9999,-9999,10359.31185,-9999,-9999,-9999,-9999,8019.868444,10573.81927
2009,157,-9999,-9999,11011.17163,-9999,-9999,-9999,-9999,6200.479733,11187.21654
2009,158,-9999,8103.419717,9287.078477,-9999,-9999,-9999,-9999,6586.461907,10413.17797
2009,159,-9999,-9999,9962.983157,-9999,-9999,-9999,-9999,-9999,10470.63633
2009,160,-9999,-9999,11093.34788,-9999,-9999,-9999,-9999,-9999,11374.4509
2009,161,-9999,-9999,-9999,-9999,-9999,-9999,-9999,-9999,-9999
2009,162,-9999,-9999,-9999,-9999,-9999,-9999,-9999,-9999,-9999
2009,163,-9999,-9999,-9999,-9999,-9999,-9999,-9999,-9999,-9999
2009,164,-9999,-9999,-9999,-9999,-9999,-9999,-9999,-9999,-9999
2009,165,-9999,-9999,-9999,-9999,-9999,-9999,-9999,7704.024286,-9999
2009,166,-9999,-9999,-9999,-9999,-9999,-9999,-9999,-9999,-9999
2009,167,-9999,-9999,-9999,-9999,-9999,-9999,-9999,-9999,-9999
2009,168,-9999,-9999,-9999,-9999,-9999,-9999,-9999,7893.695406,-9999
2009,169,-9999,-9999,11849.99605,-9999,-9999,-9999,-9999,6952.065876,-9999
2009,170,-9999,-9999,11161.14472,-9999,-9999,-9999,-9999,7912.335728,-9999
2009,171,-9999,8345.345602,10196.9072,-9999,-9999,-9999,-9999,6236.135171,-9999
2009,172,-9999,7783.432906,9427.168186,-9999,-9999,-9999,-9999,6526.592835,11787.83054
2009,173,-9999,8362.713938,9595.928172,-9999,-9999,-9999,-9999,7593.801095,-9999
2009,174,-9999,-9999,-9999,-9999,-9999,-9999,-9999,-9999,-9999
2009,175,-9999,-9999,-9999,-9999,-9999,-9999,-9999,-9999,-9999
2009,176,-9999,-9999,-9999,-9999,-9999,-9999,-9999,-9999,-9999
2009,177,-9999,-9999,-9999,-9999,-9999,-9999,-9999,-9999,-9999
2009,178,-9999,-9999,11770.78738,-9999,-9999,-9999,-9999,-9999,-9999
2009,179,-9999,8338.837407,10298.96104,-9999,-9999,-9999,-9999,7138.282347,-9999
2009,180,-9999,7141.726856,9090.386925,-9999,7935.510504,-9999,-9999,6471.019707,-9999
2009,181,-9999,6097.978765,8052.801126,-9999,7183.317009,-9999,-9999,5976.989742,-9999
2009,182,-9999,5740.466143,7500.811365,-9999,6771.839224,9498.094576,-9999,5952.749667,11544.4247
2009,183,-9999,5883.866474,7661.362766,-9999,7868.783919,8648.707253,-9999,6139.989118,11030.77853
2009,184,-9999,5565.662064,7483.227227,-9999,6895.022876,7538.548559,-9999,5754.48928,10677.27131
2009,185,-9999,5878.922787,7474.863655,-9999,6601.616118,7193.684988,-9999,6135.273672,10466.27539
2009,186,-9999,-9999,-9999,-9999,-9999,-9999,-9999,-9999,-9999
2009,187,-9999,-9999,-9999,-9999,-9999,-9999,-9999,-9999,-9999
2009,188,-9999,-9999,-9999,-9999,-9999,13365.1253,-9999,-9999,-9999
2009,189,-9999,-9999,-9999,-9999,-9999,-9999,-9999,-9999,-9999
2009,190,-9999,-9999,-9999,-9999,-9999,14358.19629,-9999,-9999,-9999
2009,191,-9999,-9999,-9999,-9999,-9999,12399.1864,-9999,-9999,-9999
2009,192,-9999,-9999,-9999,-9999,-9999,11197.0479,-9999,-9999,-9999
2009,193,-9999,-9999,11824.65332,-9999,-9999,10298.62012,-9999,-9999,-9999
2009,194,-9999,-9999,-9999,-9999,-9999,11982.81496,-9999,-9999,-9999
2009,195,-9999,-9999,-9999,-9999,-9999,11478.04128,-9999,-9999,-9999
2009,196,-9999,-9999,-9999,-9999,-9999,9258.557769,-9999,-9999,-9999
2009,197,-9999,8100.999889,11020.71266,-9999,7900.449369,8112.508804,-9999,8305.586,-9999
2009,198,-9999,6626.681221,9407.651558,-9999,6669.123517,7148.925813,-9999,7556.03552,-9999
2009,199,-9999,5693.59248,8400.815588,-9999,6024.622318,6547.512877,-9999,7007.360647,-9999
2009,200,-9999,4951.292579,7597.129133,-9999,5419.210633,5998.724658,-9999,6187.824276,-9999
2009,201,-9999,4367.149206,6933.571542,-9999,5066.292522,5607.190974,-9999,5529.42267,11808.43825
2009,202,-9999,3859.150437,6279.963278,-9999,4541.457393,5029.18462,-9999,5128.246637,10824.92363
2009,203,-9999,3489.460778,5796.487562,-9999,4292.104146,4772.31118,-9999,4918.387028,10202.88566
2009,204,-9999,3176.407496,5392.067188,-9999,4076.957302,4600.216385,-9999,4746.873328,9812.562484
2009,205,-9999,2900.655014,4979.247023,-9999,3855.109354,4342.724621,-9999,4391.423771,9230.673719
2009,206,-9999,2679.310041,4527.072282,-9999,3622.051029,4027.072977,-9999,4432.029759,8638.853806
2009,207,-9999,2472.677735,4169.890123,-9999,3438.77115,3735.334584,-9999,4131.688803,8034.931983
2009,208,-9999,2335.001951,3876.636447,-9999,3285.604808,3542.890579,-9999,3838.679315,7562.787539
2009,209,-9999,2166.862472,3595.186793,-9999,3110.12743,3284.710505,-9999,3483.573465,6842.180135
2009,210,-9999,2543.866215,3502.246568,-9999,3719.238373,3368.148104,-9999,4168.277085,6976.400986
2009,211,-9999,2815.714514,3690.94507,-9999,4159.692818,3365.708965,-9999,4455.728091,7185.538215
2009,212,-9999,2662.393017,3687.718679,-9999,3885.46107,3337.280253,-9999,4147.182315,7238.733973
2009,213,-9999,2457.561044,3560.795018,-9999,3590.310475,3259.353072,-9999,4043.388509,6961.276149
2009,214,-9999,2258.2436,3483.222294,-9999,3392.221236,3274.98684,-9999,3724.287355,6941.841909
2009,215,-9999,2066.002534,3321.755532,-9999,3146.570246,3191.462762,-9999,3435.462592,6616.836731
2009,216,-9999,1951.461899,3188.825744,-9999,2941.818278,3006.329825,-9999,3368.485152,6367.966211
2009,217,-9999,1832.480959,3061.783098,-9999,2804.029496,2936.837503,-9999,3331.262716,6219.17269
2009,218,-9999,1816.708546,2944.765329,-9999,2738.298854,2832.744745,-9999,3206.003497,5949.134644
2009,219,-9999,1757.841105,2815.1321,-9999,2701.651977,2713.520915,-9999,3168.761369,5636.550035
2009,220,-9999,1985.657027,2923.364697,-9999,3159.731894,2900.29969,-9999,3436.432265,5840.700946
2009,221,-9999,1719.296995,2711.901833,-9999,2720.951107,2628.144914,-9999,2999.24116,5458.690483
2009,222,-9999,1607.877217,2587.257971,-9999,2537.246046,2522.572462,-9999,2975.96636,5340.949078
2009,223,-9999,1558.071341,2533.025409,-9999,2492.099894,2535.569254,-9999,2864.660584,5234.322961
2009,224,-9999,1547.543247,2510.377447,-9999,2529.11056,2595.277233,-9999,2621.026067,5037.155603
2009,225,-9999,1491.973476,2432.634414,-9999,2447.546141,2526.247316,-9999,2549.621641,4765.304128
2009,226,-9999,1446.651287,2335.906123,-9999,2352.977432,2390.973746,-9999,2422.44878,4524.50526
2009,227,-9999,1380.250606,2169.775997,-9999,2282.629021,2219.114297,-9999,2325.120127,4125.487987
2009,228,-9999,1287.337253,2032.113927,-9999,2195.037017,2065.682218,-9999,2153.328958,3764.478713
2009,229,-9999,1243.215813,1983.753245,-9999,2104.710607,2032.964999,-9999,2228.00222,3818.664262
2009,230,-9999,1243.321517,1950.618864,-9999,2082.257071,1974.161706,-9999,2133.140322,3782.35633
2009,231,-9999,1196.549291,1896.191384,-9999,2063.387475,1963.75944,-9999,2033.510076,3658.476384
2009,232,-9999,1181.239588,1876.377627,-9999,2100.858144,1981.319486,-9999,1951.653088,3610.04427
2009,233,-9999,1172.801965,1879.818503,-9999,2056.796788,2001.783547,-9999,2141.676116,3690.101087
2009,234,-9999,1189.976889,1918.788502,-9999,2050.367157,2030.269007,-9999,2195.4998,3810.717974
2009,235,-9999,1221.028926,1959.819706,-9999,2067.897171,2087.855004,-9999,2186.634421,3849.558899
2009,236,-9999,1345.860602,1966.171788,-9999,2220.685266,2108.189711,-9999,2146.265504,3617.013755
2009,237,-9999,1518.264183,1990.685479,-9999,2784.693359,3274.200739,-9999,2452.699132,3667.411875
2009,238,-9999,2976.813628,3203.265095,-9999,5375.664577,8131.477382,-9999,4123.324025,5101.661818
2009,239,-9999,2840.396252,3375.54329,-9999,4471.999601,4314.285933,-9999,3709.441699,5324.053008
2009,240,-9999,2614.930077,3260.970693,-9999,3882.952954,3588.093868,-9999,3482.050039,5223.929843
2009,241,-9999,2307.162052,3023.731319,-9999,3300.163892,3081.274186,-9999,3256.477839,5014.914169
2009,242,-9999,2028.730653,2747.823707,-9999,2812.837915,2617.157608,-9999,3010.09624,4706.079325
2009,243,-9999,1841.930164,2556.878612,-9999,2566.315692,2310.467137,-9999,2796.02011,4373.171595
2009,244,-9999,1706.055422,2445.716727,-9999,2452.101854,2282.114329,-9999,2498.019501,4170.949224
2009,245,-9999,1558.103296,2317.163691,-9999,2324.915021,2242.96792,-9999,2413.053136,4000.060401
2009,246,-9999,1410.08081,2157.104706,-9999,2166.177955,2114.58812,-9999,2286.964676,3838.914914
2009,247,-9999,1294.821921,1998.309658,-9999,2031.245197,1958.250903,-9999,2306.485885,3682.133092
2009,248,-9999,1211.130488,1883.729775,-9999,1941.001731,1823.838571,-9999,2235.739167,3570.269466
2009,249,-9999,1242.951927,1802.365959,-9999,1977.496624,1781.649002,-9999,2199.703229,3419.084737
2009,250,-9999,1229.582159,1775.316646,-9999,1998.792642,1783.519949,-9999,1962.199194,3181.204184
2009,251,-9999,1251.636661,1742.864655,-9999,2175.685399,1818.009861,-9999,1958.011148,3099.476156
2009,252,-9999,1545.042784,1980.767024,-9999,2720.225961,2031.055163,-9999,2319.904639,3388.986422
2009,253,-9999,1418.186079,1930.740163,-9999,2393.063187,1959.265685,-9999,2154.916908,3370.112535
2009,254,-9999,1266.983986,1808.139201,-9999,2145.325827,1841.537264,-9999,2074.839614,3273.793663
2009,255,-9999,1116.063576,1590.255301,-9999,1873.196467,1600.70623,-9999,1994.496846,3075.303256
2009,256,-9999,1056.135149,1502.883314,-9999,1751.858022,1395.8463,-9999,1823.204413,2808.658369
2009,257,-9999,1084.683866,1516.86023,-9999,1789.689151,1463.588391,-9999,1924.215496,2822.696392
2009,258,-9999,1264.82654,1606.438496,-9999,2043.155849,1593.266365,-9999,2169.031046,3033.210344
2009,259,-9999,1872.213428,2121.923377,-9999,3075.144699,2171.753802,-9999,2886.92893,3701.874843
2009,260,-9999,1797.469992,2176.697992,-9999,2837.386354,2180.546162,-9999,2844.636342,3848.049863
2009,261,-9999,1650.791135,2056.763331,-9999,2564.207994,2018.614313,-9999,2653.758704,3692.546109
2009,262,-9999,1539.326463,1968.75913,-9999,2343.458324,1887.634721,-9999,2540.006004,3594.44303
2009,263,-9999,1428.494339,1865.378088,-9999,2206.652898,1827.947353,-9999,2012.330761,3223.888378
2009,264,-9999,1473.97238,1702.336623,-9999,2254.215082,1660.738534,-9999,2032.704894,2876.340576
2009,265,-9999,1356.876772,1574.52059,-9999,2140.561407,1482.121774,-9999,1867.036108,2618.772966
2009,266,-9999,1279.788945,1527.96386,-9999,1991.247663,1387.492621,-9999,1834.222509,2622.806494
2009,267,-9999,1234.879672,1494.204115,-9999,1897.103544,1331.241754,-9999,1811.682139,2604.408545
2009,268,-9999,1278.766768,1531.717972,-9999,1905.882717,1352.47368,-9999,1910.275134,2666.080751
2009,269,-9999,1275.141224,1552.759244,-9999,1909.402968,1378.521426,-9999,1739.449714,2615.399747
2009,270,-9999,1256.841811,1593.763452,-9999,1875.540924,1444.615815,-9999,1779.907801,2700.692373
2009,271,-9999,1126.017955,1454.574527,-9999,1698.868779,1291.405759,-9999,1712.595671,2548.251897
2009,272,-9999,1090.793877,1438.040288,-9999,1497.886502,-9999,-9999,1825.04408,2568.991752
2009,273,-9999,1062.318989,1408.778529,-9999,1321.235602,-9999,-9999,1476.861453,2409.32252
2009,274,-9999,1019.261678,1308.880169,-9999,1326.930806,-9999,-9999,1125.633452,1913.303214
2009,275,-9999,908.5601489,1195.699527,-9999,1227.494886,-9999,-9999,1095.733751,1754.748418
2009,276,-9999,825.410016,1119.421632,-9999,1103.365549,-9999,-9999,1232.246061,1793.108343
2009,277,-9999,795.3135691,1050.845713,-9999,1114.39219,-9999,-9999,1241.551107,1789.50958
2009,278,-9999,937.9184767,1098.803123,-9999,1472.486666,-9999,-9999,1430.687807,1834.648011
2009,279,-9999,885.1968053,1070.605256,-9999,1268.550447,-9999,-9999,1187.992632,1714.207955
2009,280,-9999,869.4741105,1074.382595,-9999,1169.327439,-9999,-9999,1256.85286,1728.395276
2009,281,-9999,865.0250003,1054.439624,-9999,1074.880168,-9999,-9999,1290.016593,1756.956655
2009,282,-9999,905.362887,1030.51709,-9999,1129.451353,-9999,-9999,1575.994147,1746.697723
2009,283,-9999,1053.233007,1092.464389,-9999,1238.197448,-9999,-9999,-9999,-9999
2009,284,-9999,1082.069488,1140.865708,-9999,1384.426431,-9999,-9999,-9999,-9999
2009,285,-9999,1116.882369,1170.368224,-9999,1681.171139,-9999,-9999,-9999,-9999
2009,286,-9999,1127.240746,1182.963721,-9999,3362.775144,-9999,-9999,-9999,-9999
2009,287,-9999,1260.227177,1299.829932,-9999,-9999,-9999,-9999,-9999,-9999
2009,288,-9999,1511.083455,1549.244723,-9999,-9999,-9999,-9999,-9999,-9999
2009,289,-9999,1729.27601,1758.307408,-9999,-9999,-9999,-9999,-9999,-9999
2009,290,-9999,1729.151165,1871.007541,-9999,-9999,-9999,-9999,7510.885354,-9999
2009,291,-9999,1824.572358,2015.753397,-9999,-9999,-9999,-9999,6245.523926,-9999
2009,292,-9999,1946.153518,2191.2033,-9999,-9999,-9999,-9999,5768.454645,11245.30289
2009,293,-9999,1826.934593,2124.125608,-9999,-9999,-9999,-9999,4702.914616,9709.112326
2009,294,-9999,1677.327851,1966.832997,-9999,-9999,-9999,-9999,4079.605736,8234.873131
2009,295,-9999,1601.941215,1906.190887,-9999,-9999,-9999,-9999,3688.389685,7351.707942
2009,296,-9999,1653.264636,1967.448805,-9999,-9999,-9999,-9999,3367.815923,6913.177446
2009,297,-9999,1705.942278,2028.2239,-9999,-9999,-9999,-9999,3039.950708,6415.596074
2009,298,-9999,1614.540648,1960.027759,-9999,-9999,-9999,-9999,2890.605158,5857.919331
2009,299,-9999,-9999,1756.275485,-9999,-9999,-9999,-9999,-9999,5171.575245
2009,300,-9999,-9999,1758.446871,-9999,-9999,-9999,-9999,-9999,4913.395849
2009,301,-9999,-9999,1709.821492,-9999,-9999,-9999,-9999,-9999,4734.657046
2009,302,-9999,-9999,1676.673674,-9999,-9999,-9999,-9999,-9999,4624.89501
2009,303,-9999,-9999,1660.729084,-9999,-9999,-9999,-9999,-9999,4560.508011
2009,304,-9999,-9999,1661.34108,-9999,-9999,-9999,-9999,-9999,4341.95135
2009,305,-9999,-9999,1726.292554,-9999,-9999,-9999,-9999,-9999,4329.415993
2009,306,-9999,-9999,1796.259597,-9999,-9999,-9999,-9999,-9999,4345.653915
2009,307,-9999,-9999,1869.348365,-9999,-9999,-9999,-9999,-9999,4284.813735
2009,308,-9999,-9999,1824.965199,-9999,-9999,-9999,-9999,-9999,4043.540056
2009,309,-9999,-9999,1865.360501,-9999,-9999,-9999,-9999,-9999,3948.872085
2009,310,-9999,-9999,1990.978026,-9999,-9999,-9999,-9999,-9999,3978.556036
2009,311,-9999,-9999,1944.149176,-9999,-9999,-9999,-9999,-9999,3761.930695
2009,312,-9999,-9999,1939.213592,-9999,-9999,-9999,-9999,-9999,3625.963556
2009,313,-9999,-9999,1836.827452,-9999,-9999,-9999,-9999,-9999,3382.157178
2009,314,-9999,-9999,1769.4959,-9999,-9999,-9999,-9999,-9999,3194.656664
2009,315,-9999,-9999,1743.304022,-9999,-9999,-9999,-9999,-9999,3092.598803
2009,316,-9999,-9999,1769.236771,-9999,-9999,-9999,-9999,-9999,3044.707761
2009,317,-9999,-9999,1693.570714,-9999,-9999,-9999,-9999,-9999,2910.745004
2009,318,-9999,-9999,1492.613097,-9999,-9999,-9999,-9999,-9999,2551.714378
2009,319,-9999,-9999,1478.157971,-9999,-9999,-9999,-9999,-9999,2467.632128
2009,320,-9999,-9999,1398.417041,-9999,-9999,-9999,-9999,-9999,2348.083441
2009,321,-9999,-9999,1358.404276,-9999,-9999,-9999,-9999,-9999,2272.454915
2009,322,-9999,-9999,1357.841217,-9999,-9999,-9999,-9999,-9999,2249.819469
2009,323,-9999,-9999,1408.778053,-9999,-9999,-9999,-9999,-9999,2296.208991
2009,324,-9999,1251.172088,1428.750969,-9999,-9999,-9999,-9999,1368.63007,2339.427751
2009,325,-9999,1289.145511,1456.525015,-9999,-9999,-9999,-9999,1392.133821,2376.126186
2009,326,-9999,1304.02334,1497.761808,-9999,-9999,-9999,-9999,1370.813109,2392.702933
2009,327,-9999,1312.276864,1516.875006,-9999,-9999,-9999,-9999,1387.499638,2390.822506
2009,328,-9999,1329.771994,1522.834144,-9999,-9999,-9999,-9999,1363.305688,2377.972559
2009,329,-9999,1347.547662,1537.296197,-9999,-9999,-9999,-9999,1379.11883,2403.05207
2009,330,-9999,1368.43431,1561.867323,-9999,-9999,-9999,-9999,1378.136677,2438.843187
2009,331,-9999,1393.101123,1600.534906,-9999,-9999,-9999,-9999,1387.454085,2473.905523
2009,332,-9999,1356.371022,1600.584428,-9999,-9999,-9999,-9999,1362.265041,2461.049159
2009,333,-9999,1320.63967,1568.964241,-9999,-9999,-9999,-9999,1332.225806,2415.056593
2009,334,-9999,1324.184952,1541.948371,-9999,-9999,-9999,-9999,1307.237307,2366.314301
2009,335,-9999,1323.83119,1541.757938,-9999,-9999,-9999,-9999,1264.3983,2326.692506
2009,336,-9999,1319.705839,1527.197468,-9999,-9999,-9999,-9999,1272.165519,2291.80772
2009,337,-9999,1327.689225,1504.456839,-9999,-9999,-9999,-9999,1241.778909,2233.240989
2009,338,-9999,1328.396813,1477.663734,-9999,-9999,-9999,-9999,1106.046153,2166.837978
2009,339,-9999,1294.843859,1445.340351,-9999,-9999,-9999,-9999,1074.217957,2155.252436
2009,340,-9999,1259.83306,1412.180834,-9999,-9999,-9999,-9999,1105.446767,2186.632139
2009,341,-9999,1243.420724,1406.722534,-9999,-9999,-9999,-9999,1085.968915,2174.327875
2009,342,-9999,1213.733833,1390.295548,-9999,-9999,-9999,-9999,1066.963526,2154.399043
2009,343,-9999,1208.428652,1376.10755,-9999,-9999,-9999,-9999,996.4743285,2136.371554
2009,344,-9999,1248.527203,1406.867586,-9999,-9999,-9999,-9999,932.3556406,2104.49467
2009,345,-9999,1217.362533,1367.07106,-9999,-9999,-9999,-9999,975.4311292,2070.023011
2009,346,-9999,1275.537964,1407.936244,-9999,-9999,-9999,-9999,870.3637198,1997.822026
2009,348,-9999,1404.697541,1484.082478,-9999,-9999,-9999,-9999,1164.264514,2096.502627
2009,349,-9999,1403.848196,1478.524179,-9999,-9999,-9999,-9999,1226.823688,2211.333783
2009,350,-9999,1480.813813,1547.639769,-9999,-9999,-9999,-9999,1335.242172,2265.015746
2009,351,-9999,1551.563242,1601.383072,-9999,-9999,-9999,-9999,1432.010276,2300.967218
2009,352,-9999,1601.898724,1657.270266,-9999,-9999,-9999,-9999,1488.81434,2386.056474
2009,353,-9999,1556.461417,1633.545363,-9999,-9999,-9999,-9999,1503.249801,2507.428539
2009,354,-9999,1583.258954,1624.359638,-9999,-9999,-9999,-9999,1516.577429,2539.407192
2009,355,-9999,1610.545411,1637.89485,-9999,-9999,-9999,-9999,1522.016434,2503.612752
